{"cameraMode":{"drawMode":0,"name":"Shaded","section":"Shading Mode"},"sceneLighting":false,"audioPlay":false,"sceneViewState":{"m_AlwaysRefresh":false,"showFog":true,"showSkybox":false,"showFlares":true,"showImageEffects":true,"showParticleSystems":true,"showVisualEffectGraphs":true,"m_FxEnabled":true},"in2DMode":false,"pivot":{"x":-0.07343238592147827,"y":0.7141001224517822,"z":-7.827977180480957},"rotation":{"x":0.04011128470301628,"y":0.957190990447998,"z":-0.2360769361257553,"w":0.16263481974601746},"size":1.0428720712661744,"orthographic":false}